Kat1,Kat2,Count
Fredrick,Janeta,5834
Nikita,Doretta,2569
Edward,Stefa,17
Nathanael,Bobby,8596
Reider,Fayth,3929
Myron,Tabbie,4428
Hilary,Danna,6021
Gorden,Loralee,8168
D'arcy,Farica,410
Salmon,Wilie,7954
Chickie,Isabelita,5539
Egbert,Perl,9605
Ansel,Cassie,80
Steward,Kassie,5550
Wendell,Kirbee,6994
Blaine,Florrie,3104
Immanuel,Gerri,5348
Knox,Janenna,9861
Ange,Giorgia,3678
Garvey,Jenna,8447
Brody,Ninon,7832
Maximo,May,2621
Rik,Deane,810
Haily,Kordula,8508
Grady,Reggi,5848
Gran,Cally,7781
Markos,Lela,996
Edsel,Aubrette,9852
Pierson,Barb,7534
Drugi,Kathy,5487
Emanuel,Jayne,2116
Merv,Jorey,1457
Judas,Erminia,5769
Sayres,Dottie,2390
Evelyn,Brett,2820
Rickey,Thekla,8062
Julio,Corry,6730
Miles,Galina,4418
Cyrus,Joy,2535
Wald,Fiann,7347
Jarrad,Maggie,3720
Filberte,Rey,4225
Andrej,Glori,3695
Travis,Rory,3120
Berty,Sherye,2155
Maurits,Nettle,3215
Elliott,Stoddard,5813
Harlin,Sasha,9031
Jedidiah,Blondell,3035
Sanson,Etti,5050
Randolph,Candi,3146
Binky,Elfreda,2596
Culver,Marita,6657
Benji,Margarita,5475
Bogey,Leyla,4780
Calv,Sile,2383
Reid,Gabrila,7447
Cleavland,Hatty,9033
Glendon,Marianne,5868
Gardy,Dominique,8749
Angelo,Siana,8954
Antoni,Myrtice,1340
Worth,Gretal,8743
Sanford,Kial,9450
Kele,Sydney,5718
Edgar,Deina,9896
Austin,Debby,4770
Goddart,Sabra,629
Benedikt,Alida,5004
Loydie,Selestina,2913
Harald,Gale,7299
Gerald,Hildegarde,4158
Guss,Tobi,7941
Baillie,Daisi,8212
Romeo,Shayne,4842
Issiah,Chelsae,5125
Rickert,Norrie,849
Emmy,Rayna,2717
Goober,Madeleine,1910
Wadsworth,Almire,6797
Mayne,Sileas,8677
Jorgan,Crissy,225
Abba,Melany,7192
Gino,Aeriell,7063
Zebulon,Devondra,4076
Ulrick,Rhody,8886
Pail,Magdalena,9270
Clementius,Conchita,9760
Edward,Frannie,7747
Orton,Susie,9005
Thornie,Jeanelle,7643
Colan,Margeaux,5745
Miltie,Hollyanne,7621
Cornie,Chanda,1405
Niel,Crissy,8913
Major,Eleonore,4092
Townsend,Muriel,4882
Karlis,Margarita,2412
Lief,Cathi,1948
Nealson,Kissie,6642
Gayelord,Rica,4244
Sawyer,Mella,8945
Ned,Torey,9969
Paco,Roselin,3088
Stanislaw,Perla,7079
Ellerey,Ashlen,8230
Regen,Madelina,9430
Andros,Bunni,856
Cull,Nesta,2222
Hurlee,Fernanda,1664
Napoleon,Kim,5398
Judon,Idell,2791
Jocko,Mirella,8492
Doy,Modesta,9207
Barr,Christyna,8538
Frederik,Daryl,9697
Dolf,Cyndia,8743
Lester,Alicia,3375
Guillaume,Merna,4755
Harmon,Annis,2764
Tome,Piper,7281
Andy,Cherry,6548
Zeke,Jenda,797
Asher,Stephannie,4949
Dalton,Hermina,9722
Murray,Pamela,5339
Dennison,Gwyneth,3928
Pattie,Adrianne,9712
Rollins,Angil,4873
Goober,Celestine,2980
Muffin,Emilee,3576
Iorgo,Nalani,1381
Norrie,Simonne,5021
Rube,Regine,8641
Reuven,Joanna,8922
Ian,Hedvig,3445
Noby,Rozina,796
Skye,Olivette,791
Haily,Karla,1858
Dougy,Oliy,7866
Derwin,Marthe,532
Andrea,Gabriell,8263
Herb,Genni,138
Jacobo,Hazel,2423
Lenci,Arabella,2593
Denver,Melesa,3237
Esra,Gwen,1433
Eli,Halimeda,7464
Salomon,Fifi,8662
Alister,Prue,8097
Carny,Alia,106
Garret,Pansie,1273
Padget,Karisa,5798
Noak,Gwenni,65
Warden,Carleen,6878
Maximo,Jaime,2337
Broderick,Evania,1172
Porty,Katharina,8117
Arni,Joellyn,3179
Loren,Rena,5390
Demetri,Susannah,3996
Donny,Justinn,9751
Quintus,Adelina,3802
Paddie,Cecelia,7036
Lucian,Taryn,2496
Orazio,Dorolice,6190
Mata,Henryetta,6628
Terry,Collie,6875
Martie,Sari,4326
Avram,Alameda,5362
Hilarius,Ashil,6327
Tally,Jorie,9587
Way,Filippa,9598
Gardner,Nerita,4899
Mohandis,Cherlyn,6795
Corey,Lonna,4612
Ingamar,Lorinda,6389
Sigfried,Brynna,2547
Gan,Kalila,4137
Rollins,Sherline,7418
Eamon,Rosalynd,4652
Rafaello,Thomasine,8873
Aharon,Bidget,2194
Dexter,Ricky,5182
Alexio,Adriena,3030
Noak,Polly,4875
Pooh,Kania,6343
Damian,Melisa,4552
Christoph,Clarice,8538
Cliff,Austina,8232
Portie,Gwenni,4099
Ravi,Kirsten,4987
Bone,Jacqueline,4755
Zane,Evvy,4322
Dill,Lorenza,5367
Felizio,Glennis,7336
Hermon,Georgeanne,2506
Julian,Katharyn,4975
Demetri,Minny,7605
Clint,Julietta,343
Siward,Brittne,555
Hadlee,Netta,2129
Wendall,Cristi,5764
Aubrey,Rahel,552
Adamo,Shae,342
Paul,Jocelin,2342
Hale,Coral,4492
Selig,Kiah,2582
Udell,Jaquenette,3001
Hermy,Claudelle,6246
Anselm,Coral,3272
Aguistin,Madeleine,7141
Pail,Elisa,4817
Franky,Florrie,9691
Hoebart,Joy,8588
Felizio,Elli,8457
Millard,Dolorita,1843
Ibrahim,Tiffany,497
Carroll,Maiga,434
Vernen,Cathee,1047
Lynn,Chantal,8359
Munmro,Drusie,2011
Archer,Vale,1012
Clayson,Dorri,2376
Jim,Minnaminnie,9372
Reinaldo,Amalee,1954
Mikey,Ronda,5413
Nikolos,Holly,2486
Mac,Delores,3716
Currey,Pamela,8389
Darwin,Karissa,855
Chaim,Goldia,8501
Emmett,Catriona,9523
Orin,Mureil,5280
Wilton,Zita,6441
Cirilo,Sena,9449
Whitby,Linea,5156
Georgie,Dannye,1040
Conrade,Jacqui,5284
Jacques,Sara,8543
Rudie,Glad,9
Jamill,Silvana,1998
Ingar,Lilah,6954
Mort,Lesli,3258
Clint,Eyde,5364
Carlie,Carina,6265
Bradney,Natassia,7342
Kareem,Rahel,6018
Dun,Aprilette,1914
Fonz,Portia,8869
Wilmer,Ruthy,4263
Rolland,Tania,3905
Will,Manon,3328
Hart,Jodi,5470
Timothee,Emmie,3182
Joshua,Ashlen,1112
Guillaume,Nanine,9499
Dougy,Gilbertine,1641
Obediah,Shawn,2546
Pierce,Kial,7537
Mahmud,Cammi,5964
Ev,Joelie,1535
Alvan,Doralin,9723
Ludovico,Bree,3638
Kristian,Jaquelyn,7908
Bill,Mellisa,7219
Briggs,Giulietta,1996
Yehudi,Agathe,291
Andrus,Bebe,4253
Crichton,Laney,8573
Huntington,Ingaborg,2906
Cully,Johannah,5586
Fleming,Rhona,2375
Rube,Jasmine,3684
Horatius,Paolina,9900
Tadd,Trixie,2126
Lodovico,Marie-jeanne,5780
Red,Gena,9894
Chrissy,Mirabella,699
Marsh,Alaine,4313
Dennis,Rosemonde,6593
Booth,Rosaleen,8626
Vincents,Arleta,4354
Murdoch,Adriena,7880
Town,Peg,4722
Broddy,Josephine,8015
Stephen,Briny,5387
Damon,Ariela,3575
Pascal,Rosanna,1129
Nil,Aundrea,2787
Johann,Jeanette,7606
Timoteo,Vanna,9776
Wang,Lu,6728
Edan,Junie,3616
Colin,Romonda,7454
Gustavus,Iris,7275
Harlen,Maurita,2351
Donnell,Lorita,7931
Esme,Mickie,7079
Malchy,Rosy,1183
Clerkclaude,Opaline,8300
Edgardo,Bobbi,3170
Lydon,Cynthea,3163
Dietrich,Koralle,8299
Weston,Arlene,6366
Waite,Lavinie,7598
Justin,Correy,7538
Rhett,Claudette,9755
Torry,Cherri,1077
Sheppard,Anderea,5175
Malchy,Rheba,1052
Baryram,Cate,9298
Bard,Margie,6215
Martie,Bennie,4981
Rodolphe,Debra,8945
Bertie,Marta,2850
Michael,Kacy,2403
Hastie,Ofelia,4116
Dennis,Joyce,7597
Norbert,Alethea,7311
Antoine,Ynes,4977
Sean,Krissy,3148
Eduard,Judith,2811
Tris,Concordia,9018
Antonin,Darlleen,9670
Kipper,Shanie,7120
Gradey,Stafani,9653
Nowell,Alisha,496
Dennet,Melantha,9012
Hermie,Erinna,5422
Keelby,Lucita,9547
Ingmar,Dorine,7704
Cassius,Nolie,1720
Von,Sean,9035
Levi,Kass,6312
Wye,Morganica,9856
Elroy,Jeannine,3355
Hanan,Cathryn,3131
Spike,Rosabella,8205
Kristofor,Leda,7678
Sandy,Sibylle,7907
Yurik,Nana,4358
Levy,Minetta,6168
Maxim,Tania,1683
Eben,Verile,12
Fons,Elsi,9789
Abraham,Alane,6839
Scotti,Ailene,440
Dion,Isahella,2100
Hewe,Theodosia,5397
Tony,Marybeth,4600
Krispin,Clio,597
Jedd,Margarethe,1711
Spense,Vitoria,3615
Levon,Katharine,4357
Dal,Godiva,2012
Normand,Roby,7726
Marven,Lindi,5947
Dalli,Alica,7073
Andrew,Fayette,3551
Bartolomeo,Elyn,1520
Millard,Carine,5813
Gannie,Berni,9091
Cyril,Clarissa,8384
Giraldo,Rheta,3806
Damien,Romonda,3312
Thorndike,Leah,7111
Rudy,Sib,2724
Frannie,Kitti,1266
Sancho,Darcy,6628
Zachary,Erena,5430
Samuele,Berrie,96
Randy,Kay,9787
Peirce,Florie,2552
Kain,Anita,1198
Bevin,Dell,7923
Sherman,Libby,1242
Jorge,Tate,8241
Tallie,Waneta,989
Olenolin,Maura,365
Odell,Illa,113
Jayson,Buffy,189
Juan,Petronille,8088
Pietrek,Zuzana,4340
Salvidor,Nancey,7101
Nathanial,Suzanna,8641
Shem,Regine,5476
Hilario,Michaeline,8109
Fulton,Nikki,7012
Raff,Linnie,8727
Hewet,Lorrie,7178
Perceval,Carolina,4076
Myles,Delcina,4434
Abraham,Nanete,8646
Torin,Nonah,6398
Renaldo,Shelia,6096
Warde,Lissi,6024
Pepito,Lynea,6112
Cordell,Dru,9907
Shaw,Doralynne,2201
Wilmer,Lorelei,1395
Marco,Reggie,4788
Emery,Jessy,1508
Amby,Megan,2283
Ingrim,Lorianne,3283
Durant,Idette,841
Alfie,Emyle,1661
Valentin,Ninette,5150
Urson,Moreen,3553
Alfonse,Melinde,82
Jeramey,Valaree,8025
Roderich,Ninnetta,1676
Ambrose,Austine,5001
Garret,Cheslie,1584
Antonio,Malissia,6419
Barnabe,Raye,5315
Ive,Rozalie,9805
Brnaby,Adrian,6467
Geri,Pauli,4227
Normy,Germain,424
Staford,Ardelia,6120
Wendel,Lynett,2388
Bax,Janaye,9983
Moore,Florencia,2079
Sanford,Alameda,3019
Shermy,Nelle,8457
Dimitry,Cthrine,3469
Farlay,Nerte,6346
Tome,Chelsie,9939
Judas,Jerrie,3232
Aldo,Lanie,1495
Brenden,Pennie,3900
Roscoe,Linzy,2385
Matias,Darell,4728
Dan,Ardys,2540
Jay,Goldarina,57
Decca,Fanchette,6554
Geoffrey,Anabel,3022
Rutledge,Jonell,2854
Mordecai,Shaylah,9984
Troy,Kristy,7746
Howey,Hannie,2792
Joshua,Ferne,7197
Albert,Sibel,4043
Izaak,Clementina,7978
Bernarr,Tana,7821
Waverley,Bobbee,9162
Hill,Daphne,9225
Brose,Ariana,8060
Merwyn,Virgina,5992
Brockie,Pierette,1951
Claybourne,Tove,1579
Davin,Jenelle,439
Zelig,Danice,9600
Abel,Edita,1033
Cletis,Glad,5601
Terri,Ardelle,2121
Webster,Gilly,4988
Oren,Lorne,8940
Ode,Cymbre,6809
Hercule,Taryn,9529
Mychal,Cordey,6667
Arturo,Lauryn,1852
Matthus,Tana,2365
Julio,Fayette,5406
Gustave,Margit,6366
Ali,Harmony,2238
Levon,Therine,3089
Frants,Darrelle,3195
Geno,Allx,47
Bud,Cristabel,4342
Corney,Vale,7722
Rem,Yolane,7380
Sol,Cami,8714
Felix,Aime,1630
Brnaba,Nathalia,4883
Gamaliel,Cori,4474
Giavani,Maxy,9243
Aron,Kally,1947
Ario,Samantha,711
Chadd,Lexie,3266
Dunc,Anallese,8709
Thedric,Sherline,5913
Gray,Greer,628
Corbet,Kyla,9397
Emmerich,Bliss,4847
Norby,Danice,1253
Barrett,Laney,9171
Burnaby,Vania,1947
Roy,Drusi,4106
Abraham,Harriet,8270
Jess,Rosemaria,6792
Kerry,Fayina,2564
Stefan,Leta,799
Artur,Roana,4172
Towney,Missy,2416
Vite,Raven,7269
Law,Rhea,3568
Emile,Thomasina,2832
Xever,Dorene,807
Claus,Shanon,6048
Lazarus,Daron,9175
Justino,Philippine,9013
Murvyn,Pansie,8472
Gallagher,Mahalia,9369
Tuckie,Margeaux,5003
Lou,Doloritas,3687
Laney,Dion,2181
Gannon,Maura,8786
Ferris,Marga,764
Cornell,Avrit,1833
Rolf,Judie,2378
Leighton,Wilow,2213
Virge,Liane,3434
Bax,Winnah,890
Westleigh,Susann,160
Teodoor,Wenda,6568
Rutger,Jolyn,2264
Ellis,Fiann,1160
Fonsie,Lyda,4021
Ferd,Shayne,6327
Arin,Dre,3089
Hasheem,Annis,8679
Roddie,Lyn,1698
Lay,Revkah,5050
Archy,Josie,6410
Walther,Alika,4242
Granny,Adrianna,810
Flinn,Adriane,2348
Fax,Nerty,3898
Piggy,Charlena,6366
Harry,Minette,2056
Markus,Philly,9972
Fabien,Nora,8824
Stephan,Jerrilee,9946
Barnebas,Roshelle,7536
Colman,Bernadette,2888
Neron,Gray,7211
Creigh,Nadia,4203
Price,Barrie,1283
Eadmund,Consolata,7090
Rudolph,Pammi,955
Devlen,Cyndie,3643
Yves,Devin,1298
Terrance,Kay,159
Sawyer,Cindee,2738
Corey,Lory,688
Elvyn,Esmaria,6315
Brantley,Fredi,7115
Waylin,Philipa,9589
Kennedy,Shae,9184
Tomkin,Lolita,7516
Harlin,Bibi,8661
Adan,Fiona,9878
Jeromy,Blanch,4420
Delainey,Belle,3625
Erek,Jody,8677
Lonnard,Riva,9579
Ellis,Dorise,8505
Maury,Thelma,1998
Koenraad,Chrystal,3554
Bail,Camille,4497
Ave,Meade,8225
Putnam,Kacie,3575
Kevon,Isabella,9666
Kevin,Malinda,5039
Rick,Lyn,5232
Marcello,Hildagard,6944
Kyle,Vivien,2931
Clywd,Abigael,4404
Micheal,Marsiella,757
Chucho,Sigrid,4645
Jedediah,Jaclyn,4425
Pennie,Liane,9188
Kain,Ashien,8285
Sax,Ula,5913
Ricky,Tildi,6891
Pablo,Ruthy,605
Nikos,Noelle,7446
Boyce,Binny,7468
Rutherford,Delphinia,7933
Rory,Glad,3411
Darill,Florencia,107
Standford,Dorise,172
Regan,Lauri,2335
Samson,Joletta,7194
Ravi,Kristien,6287
Lanie,Cherin,7731
Derward,Maggy,5291
Lodovico,Deana,7933
Bruis,Nessi,6889
Morey,Jessalyn,7859
Dex,Neila,8337
Goran,Aggy,3790
Dane,Sophie,1218
Sebastien,Sabrina,8461
Armstrong,Leanor,7498
Les,Hadria,3594
Goraud,Reyna,6166
Aldous,Doralynne,3388
Franklyn,Laura,806
Jeffrey,Tabina,8440
Sol,Janessa,4882
Morris,Brande,4076
Ingamar,Hesther,6889
Griswold,Juanita,9730
Nickey,Leora,9384
Rafaello,Dolorita,2722
Barth,Claudetta,7559
Salomo,Ashlan,412
Mar,Gilbertina,7017
Glenden,Emilee,4266
Stewart,Florida,8096
Bay,Anstice,6932
Hewett,Stephana,8441
Aaron,Jen,2393
Ashbey,Gerry,5460
Tiebold,Saraann,3707
Erin,Silvie,3607
Conrado,Pavia,4003
Zacharias,Billye,7422
Max,Tabbatha,2361
Frazier,Nicolle,2228
Bernard,Angelina,1162
Johny,Chrystel,4231
Tadio,Juanita,1407
Menard,Sofie,6044
Guthrie,Sianna,7081
Gordie,Brunhilde,312
Lane,Fionna,777
Harris,Magdalene,5235
Gran,Maggee,6558
Gary,Tybie,8303
Esdras,Carolann,4708
Jermaine,Taryn,8328
Tris,Jeane,5491
Derrick,Korie,2732
Ross,Gayel,1013
Ben,Ede,9834
Niels,Denny,1151
Larry,Lurleen,2132
Melvin,Lenore,6909
Peyter,Almeria,6693
Garek,Ashleigh,9788
Keven,Jewel,6486
Prescott,Darleen,223
Had,Raf,4429
Packston,Crissie,8973
Randal,Jacky,5560
Donn,Annemarie,4815
Danie,Robinet,7706
Neal,Chris,248
Garvy,Averil,7838
Woodman,Cory,3663
Berkie,Pegeen,5041
Hobie,Stafani,4892
Dewie,Eugenie,4070
Noam,Berrie,2105
Giustino,Daile,2365
Sheffy,Katie,1211
Wally,Jeni,5108
Bondie,Scarlett,655
Beck,Evonne,6240
Eddie,Monique,4272
Pascal,Ronnie,5878
Corney,Davina,5522
Heriberto,Tally,1848
Sky,Cookie,9351
Tull,Brande,6791
Mason,Ginger,731
Erl,Gusty,2258
Way,Harmonie,6077
Lydon,Katherine,2158
Des,Viv,9139
El,Cesya,9280
Maurie,Midge,8631
Maxy,Austina,6144
Merrill,Carina,4805
Gene,Yetta,282
Rollin,Marianna,4432
Orion,Kasey,8275
Duane,Arlinda,1920
Mohandas,Bambie,2081
Anson,Anabal,9233
Leonidas,Fernanda,1278
Bennett,Cybil,801
Cammy,Brittaney,2265
Jasun,Dinnie,1728
Mathe,Eadith,3957
Gottfried,Nicoline,5774
Barnabas,Hermione,5884
Aymer,Odella,9006
Humberto,Blanca,3591
Burr,Tani,9125
Oswald,Geri,3020
Fee,Kelley,3653
Khalil,Kathe,4906
Vin,Viva,1958
Scarface,Tierney,3489
Sol,Carlen,8417
Wit,Jeana,4487
Sayres,Nonna,6912
Jamesy,Sunny,128
Sasha,Albina,4582
Bartel,Kassia,9048
Boigie,Matilde,9318
Goober,Aloise,4436
Ralph,Dolley,7842
Hall,Bertine,4887
Alain,Ruth,6135
Darwin,Timmi,2541
Clim,Suzette,7922
Arnold,Darbie,467
Bryce,Scarlett,3178
Inigo,Minerva,9677
Gideon,Louella,48
Bevin,Karrie,8425
Neils,Estella,7230
Greggory,Dayna,9022
Far,Kali,3705
Whitman,Minette,4041
Gearard,Caril,1896
Ker,Kelcey,3626
Stearn,Alvira,8067
Parrnell,Hannis,9928
Ilaire,Erna,3687
Sherwin,Mae,4453
Linc,Beckie,6589
Harp,Danice,3942
Jefferson,Sunny,9795
Renault,Merrile,7656
Darrick,Fan,9468
Jarid,Gilda,6639
Rabi,Roanna,7864
Jermain,Ann,686
Wittie,Jennilee,4247
Fidelio,Torie,371
Yul,Rowe,934
Sax,Debee,1590
Kermie,Alfreda,818
Beniamino,Cassaundra,9572
Agustin,Elsa,3077
Ralph,Rici,4035
Nicolis,Eula,4837
Reinaldos,Nananne,4806
Nial,Magda,8053
Baron,Gladi,6688
Ulric,Mirilla,2627
Franky,Claude,8974
Gauthier,Livia,4093
Tuckie,Rodina,6196
Emmott,Andeee,8161
Darin,Calida,9846
Smitty,Esmaria,8854
Ryley,Electra,7206
Yves,Albertine,1893
Andreas,Francine,9344
Lorenzo,Lynnet,4961
Ingram,Nara,4347
Bondon,Rhianna,6195
Maurie,Vivi,9338
Norris,Gwenora,7200
Johnnie,Ellyn,6402
Rourke,Caron,4143
Daren,Gloria,2428
Meade,Bernadette,5550
Bronny,Wendye,9258
Garrard,Halette,1234
Baxy,Merline,6027
Vito,Anett,3323
Bobbie,Carin,9807
Rudiger,Jenny,6586
Rory,Rosamond,5521
Jan,Sheila-kathryn,28
Frederic,Elsie,8373
Patric,Brear,409
Matias,Glynnis,9952
Anthony,Gilly,1996
Gilbert,Pauletta,9109
Avrom,Marissa,1190
Jameson,Danika,7731
Nicko,Micki,5791
Nowell,Brittne,5686
Gregoire,Tamarah,3756
Julian,Stephine,1300
Olenolin,Leanor,4770
Benyamin,Audrie,6605
Hollis,Britt,4253
Roberto,Cris,6539
Neville,Debbie,4777
Goddard,Ardeen,8513
Jarrett,Zia,1187
Alain,Gilli,9096
Homerus,Jessa,7924
Arie,Lonna,9663
Alvan,Sher,7277
Bobby,Alika,2739
Hector,Erma,3297
Jakie,Vera,9948
Ellsworth,Cori,6931
Iorgos,Chastity,7760
Alfonse,Loise,3896
Octavius,Dahlia,6959
Bailie,Alexine,2686
Bron,Di,7192
Danya,Jacquelynn,9559
Martino,Meredithe,4713
Laney,Holly-anne,3363
Niccolo,Ailsun,1005
Wilhelm,Merci,1998
Dunc,Lisabeth,3529
Phillip,Isabelita,9820
Syd,Gretal,4349
Purcell,Merl,6470
Monroe,Karon,5797
Freeland,Yasmeen,7936
Arlin,Cammie,5691
Leonard,Joelynn,1084
Keir,Almeta,2633
Harold,Kristien,6288
Tiebold,Cordie,5145
Hamel,Adora,7960
Orrin,Mandie,3588
Brose,Maryrose,4946
Edmon,Merridie,7888
Bald,Anna,2039
Locke,Andy,1527
Krishnah,Jacquette,1734
Janek,Marlo,9065
Winifield,Zilvia,2040
Garrett,Jolynn,8117
Christy,Rena,1184
Ritchie,Christy,5568
Travis,Dido,785
Kory,Freddie,4371
Irving,Karlie,936
Andres,Lyndell,2862
Batholomew,Beverlie,5376
Ingra,Fredericka,5584
Jaime,Katha,9015
Cornell,Tybi,139
Franklin,Gwenny,124
Xever,Rubina,1010
Izak,Ronni,3763
Carlos,Concordia,4344
Sherwynd,Marsha,3058
Ashton,Nellie,9363
Elmore,Dyan,5240
Steffen,Catherina,2726
Reynold,Roselia,9981
Francis,Faydra,440
Ethelbert,Dona,2477
Jase,Talia,3476
Martyn,Rosa,7220
Matthiew,Merline,3610
Lucien,Kaitlynn,2321
Benedick,Genevra,9566
Immanuel,Corliss,8566
Calhoun,Hildegaard,2053
Pedro,Hollyanne,7245
Dwight,Camellia,199
Grantley,Valerie,9465
Rolland,Manon,6129
Conrad,Jinny,8647
Verney,Wanids,1846
Elnar,Cesya,8860
Geordie,Vicki,6152
Jake,Nissa,1271
Barnard,Barbara,4108
Tuckie,Liana,8361
Nikita,Eliza,1653
Sergeant,Karon,8527
Orren,Inessa,3831
Kennith,Hannie,3340
Burk,Dacia,991
Renaud,Maryanna,1499
Stanford,Joellyn,5991
Camey,Ynez,9897
Chaddy,Marlie,1355
Shadow,Terza,6228
Felizio,Camilla,7301
Stavro,Marigold,216
Lydon,Trudy,6565
Donn,Camille,1968
Huntley,Cele,3539
Urbanus,Tilda,6562
Lou,Brier,6109
Nickolaus,Sib,2030
Briano,Carina,3590
Allin,Nancey,7529
Giffy,Drusy,6333
Emile,Kailey,7684
Allayne,Bert,4649
Desmund,Tabby,1414
Hurlee,Esmeralda,6891
Ezekiel,Winifred,6832
Ephrayim,Maxie,1193
Calhoun,Bobbe,8751
Virgil,Lanita,5266
Travus,Catlee,6538
Erroll,Ede,8041
Orson,Carly,2765
Peder,Blanch,8567
Elwyn,Marilyn,4980
Russ,Nikki,970
Merv,Verile,647
Laurens,Aryn,9383
Kaleb,Laurene,5618
Hurley,Olympie,1556
Nickola,Annamarie,817
Inness,Jobyna,3272
Orlando,Elaine,5907
Gavin,Kellina,8694
Augie,Conny,5681
Curry,Lishe,9522
Simone,Misty,957
Blayne,Odella,4476
Shurlock,Romola,3025
Abby,Jamima,7261
Jeffy,Talyah,3849
Vaughan,Brit,6687
Trevor,Revkah,8735
Burke,Geralda,4875
Mycah,Reine,2907
Loren,Olga,6785
Kin,Beitris,6813
Noland,Juliann,2165
Gibbie,Louisa,2085
Shalom,Hortensia,9709
Osborne,Jaquelin,7577
Napoleon,Kiele,6550
Kyle,Trina,499
Kelby,Nichol,3018
Preston,Jeane,2644
Alexis,Caterina,3210
Boycey,Karlee,6927
Swen,Leanna,6469
Bucky,Florida,9735
Rowan,Lilias,7270
Nolan,Jaclin,8212
Delmar,Doretta,5595
Judd,Daniele,2904
Putnam,Mirabel,5721
Mendy,Ariadne,7406
Case,Trenna,1328
Euell,Dre,7195
Oren,Tandy,6764
Phillipp,Nessy,5717
Fidole,Ivory,2167
Hasheem,Lorain,9
Caddric,Laural,954
Harbert,Charline,2736
Harold,Marti,6725
Cob,Alexina,5153
Laurie,Ginelle,4008
Jules,Andeee,8669
Giff,Edyth,1109
Jeffry,Shirlee,9430
Branden,Enrichetta,9924
Sullivan,Brittne,3623
Ronald,Keri,4484
Lionel,Verine,3879
Newton,Nolana,9876
Noah,Janetta,5253
Case,Aeriel,3554
Griz,Becki,9503
Luce,Madelyn,4771
Nickey,Chiarra,3246
Cly,Cornelle,9303
Andreas,Gabriel,8760
Giavani,Ardeen,5324
Curtis,Ninnetta,4255
Alexandr,Iona,4285
Gail,Sayre,5506
Elihu,Sarajane,9648
Gan,Celle,7521
Salomon,Tarrah,8170
Davin,Martynne,3752
Arel,Angelina,4278
Meredith,Karolina,9302
Kahlil,Winne,8208
Devlin,Marina,4652
Michail,Olivia,4428
Alain,Sandy,9393
Kaleb,Myrlene,2263
Fergus,Shauna,1745
Garrard,Zarla,2959
Daren,Flora,9966
Rafael,Abbi,6390
Ferrell,Jacqueline,407
Nevins,Clementia,2170
Aristotle,Merilee,6792
Reinaldos,Willow,3756
Dore,Sisile,3269
Tome,Stacee,4762
Richardo,Robina,8850
Elliot,Regina,4218
Umberto,Aindrea,3412
Taylor,Georgina,2406
Ky,Shoshanna,1972
